<?xml version="1.0" encoding="UTF-8" standalone="yes"?>
<addon id="repository.vstream"
       name="vStream Repository"
        version="0.0.6"
        provider-name="Venom">
    <extension point="xbmc.addon.repository" name="vStream XBMC Addon Repository">
    <dir>
        <info compressed="false">https://raw.githubusercontent.com/Kodi-vStream/venom-xbmc-addons/master/addons.xml</info>
        <checksum>https://raw.githubusercontent.com/Kodi-vStream/venom-xbmc-addons/master/addons.xml.md5</checksum>
        <datadir zip="true">https://github.com/Kodi-vStream/venom-xbmc-addons/raw/master/repo</datadir>
    </dir>
   </extension>

    <extension point="xbmc.addon.metadata">
        <summary lang="fr">vStream Repository</summary>
        <description lang="fr">Installer vStream</description>
        <summary lang="en">vStream Repository</summary>
        <description lang="en">Download and install vStream</description>
        <platform>all</platform>
        <assets>
            <icon>icon.png</icon>
            <fanart>fanart.jpg</fanart>
        </assets>
    </extension>
</addon>
