<?xml version="1.0" encoding="UTF-8"?>
<window id="130">
	<defaultcontrol always="false">9000</defaultcontrol>
	<allowoverlay>no</allowoverlay>
	<controls>
		<control type="group">
			<visible>!Window.IsVisible(FileBrowser)</visible>
			<!-- <animation effect="slide" start="1100,0" end="0,0" time="400" tween="quadratic" easing="out">WindowOpen</animation> -->
			<!-- <animation effect="slide" start="0,0" end="1100,0" time="400" tween="quadratic" easing="out">WindowClose</animation> -->
            <!-- <animation effect="fade" start="100" end="0" time="800">WindowClose</animation> -->
            <!-- <animation effect="fade" start="0" end="100"  time="1000" delay="500">WindowOpen</animation> -->
            
            
            <animation type="WindowOpen">
                <effect type="slide" start="1100,0" end="0,0" time="800" tween="back" easing="out"/>
                <effect type="fade" start="0" end="100" time="800" delay="100"/>
            </animation>
            <animation type="WindowClose">
                <effect type="slide" start="0,0" end="1100,0" time="800" tween="back" easing="in"/>
                <effect type="fade" start="100" end="0" time="800" delay="400"/>
            </animation>            
            
            <control type="image">
                <posx>0</posx>
                <posy>0</posy>
				<width>1920</width>
				<height>1080</height>
                <fadetime>200</fadetime>
				<texture fallback="black-back.png">$INFO[Window(Home).Property(ListItem.backdrop_url)]</texture>
                <aspectratio align="center">scale</aspectratio>
			</control>
            <control type="image">
                <posx>0</posx>
                <posy>465</posy>
				<width>1950</width>
				<height>340</height>
                <fadetime>200</fadetime>
				<texture colordiffuse="B3FAFAFA" border="10">black-back.png</texture>
			</control>

            <!--<control type="image">
                <posx>0</posx>
                <posy>0</posy>
                <width>480</width>
				<height>720</height>
				<fadetime>300</fadetime>
				<aspectratio aligny="top">scale</aspectratio>
                <texture border="40" colordiffuse="FFFAFAFA" background="true" fallback="DefaultVideo.png">$INFO[Window(Home).Property(ListItem.cover_url)]</texture>
                <fadetime>0</fadetime>
            </control>
            <control type="image">
				<left>180</left>
				<top>0</top>
				<width>1100</width>
				<height>720</height>
				<texture border="15,0,0,0" flipx="true">MediaBladeSub.png</texture>
			</control>-->
			<control type="group">
				<animation effect="fade" delay="400" start="0" end="100" time="200">WindowOpen</animation>
				<animation effect="fade" start="100" end="0" time="200">WindowClose</animation>
                <top>480</top>
				<control type="label" id="1">
					<description>header label</description>
					<left>40</left>
					<top>0</top>
					<width>600</width>
					<height>20</height>
					<font>font30_title</font>
					<label>$INFO[Window(Home).Property(Listitem.Title)] ($INFO[Window(Home).Property(ListItem.Year)])</label>
					<align>left</align>
					<aligny>center</aligny>
					<textcolor>white</textcolor>
					<shadowcolor>black</shadowcolor>
				</control>
                <control type="label" id="1">
					<description>header label</description>
					<right>40</right>
					<top>0</top>
					<width>400</width>
					<height>20</height>
					<font>font24</font>
					<label>$INFO[Window(Home).Property(ListItem.Duration)] $LOCALIZE[12391]</label>
					<align>right</align>
					<aligny>center</aligny>
					<textcolor>white</textcolor>
					<shadowcolor>black</shadowcolor>
                    <visible>!IsEmpty(Window(Home).Property(ListItem.Duration))</visible>
				</control>
				<!--<control type="grouplist">
					<description>Media Codec Flagging Images</description>
					<left>200</left>
					<top>480</top>
					<width>600</width>
					<align>left</align>
					<itemgap>2</itemgap>
					<orientation>horizontal</orientation>
					<include>VisibleFadeEffect</include>
					<visible>!Control.IsVisible(50) + [Container.Content(Movies) | Container.Content(Episodes) | Container.Content(MusicVideos)]</visible>
					<include>VideoCodecFlaggingConditions</include>
					<include>AudioCodecFlaggingConditions</include>
					<include>AudioChannelsFlaggingConditions</include>
					<include>AspectCodecFlaggingConditions</include>
					<include>VideoStereoscopicsFlaggingConditions</include>
					<include>VideoTypeHackFlaggingConditions</include>
				</control>-->
				<control type="group">
					<visible>[!container.content(episodes) + !container.content(musicvideos)] + ![Control.HasFocus(12) | Control.HasFocus(15)]</visible>
					<top>25</top>
					<left>40</left>
					<!--<control type="image">
						<left>0</left>
						<top>0</top>
						<width>270</width>
						<height>380</height>
						<aspectratio>stretch</aspectratio>
						<bordertexture border="5">button-nofocus.png</bordertexture>
						<bordersize>4</bordersize>
						<texture background="true">$INFO[Window(Home).Property(ListItem.cover_url)]</texture>
						<visible>!IsEmpty(Window(Home).Property(ListItem.cover_url))</visible>
					</control>-->
					<control type="list" id="49">
						<width>1080</width>
						<height>30</height>
						<onleft>49</onleft>
						<onright>49</onright>
						<onup>9000</onup>
						<ondown>61</ondown>
						<pagecontrol>-</pagecontrol>
						<scrolltime>200</scrolltime>
                        <orientation>horizontal</orientation>
                        
						<itemlayout width="1040" height="30">
							<control type="label">
								<width>1040</width>
								<height>30</height>
								<font>font13</font>
								<align>left</align>
								<aligny>center</aligny>
								<textcolor>white</textcolor>
								<selectedcolor>selected</selectedcolor>
								<info>ListItem.Label</info>
							</control>
						</itemlayout>
						<focusedlayout width="1040" height="30">
							<control type="label">
								<width>1040</width>
								<height>30</height>
								<font>font13</font>
								<align>left</align>
								<aligny>center</aligny>
								<textcolor>white</textcolor>
								<selectedcolor>selected</selectedcolor>
								<info>ListItem.Label</info>
							</control>
						</focusedlayout>
						<content>
							<!--<item>
								<label>$LOCALIZE[20376]:</label>
								<label2>$INFO[Window(Home).Property(OriginalTitle)]$INFO[ListItem.OriginalTitle]</label2>
								<onclick>noop</onclick>
								<visible>!IsEmpty(ListItem.OriginalTitle) + !stringcompare(ListItem.OriginalTitle,Listitem.Title)</visible>
							</item> -->
							<item>
								<label>$LOCALIZE[20339]: [B]$INFO[Window(Home).Property(ListItem.director)][/B] / $LOCALIZE[20417]: [B]$INFO[Window(Home).Property(ListItem.Writer)][/B]</label>
								<onclick>noop</onclick>
								<visible>Control.IsVisible(50)</visible>
							</item>
							<!--<item>
								<label>$LOCALIZE[572]:</label>
								<label2>$INFO[Window(Home).Property(ListItem.Studio)]</label2>
								<onclick>noop</onclick>
								<visible>!IsEmpty(Window(Home).Property(ListItem.Studio))</visible>
							</item>-->
							<item>
								<label>[B]$INFO[Window(Home).Property(ListItem.Genre)][/B]</label>
								<onclick>noop</onclick>
								<visible>!Control.IsVisible(50)</visible>
							</item>
							<!--<item>
								<label>$LOCALIZE[563]: $INFO[ListItem.Rating]</label>
                                <info>$INFO[ListItem.Rating]</info>
								<label2>$INFO[Window(Home).Property(ListItem.rating)]</label2>
                                <label2>$INFO[Window(Home).Property(ListItem.Rating)]</label2>
								<onclick>noop</onclick>
								<visible>!IsEmpty(Window(Home).Property(ListItem.Rating))</visible>
							</item>
                            <item>
								<label>$LOCALIZE[563]:</label>
								<label2>$INFO[ListItem.RatingAndVotes]</label2>
								<onclick>noop</onclick>
								<visible>!IsEmpty(ListItem.RatingAndVotes)</visible>
							</item>
							<item>
								<label>$LOCALIZE[202]:</label>
								<label2>$INFO[Window(Home).Property(ListItem.TagLine)]</label2>
								<onclick>noop</onclick>
								<visible>!IsEmpty(Window(Home).Property(ListItem.TagLine))</visible>
							</item>
							<item>
								<label>$LOCALIZE[203]:</label>
								<label2>$INFO[Window(Home).Property(ListItem.PlotOutline)]</label2>
								<onclick>noop</onclick>
								<visible>!IsEmpty(Window(Home).Property(ListItem.PlotOutline))</visible>
							</item>
							<item>
								<label>$LOCALIZE[20074]:</label>
								<label2>$INFO[Window(Home).Property(ListItem.mpaa)]</label2>
								<onclick>noop</onclick>
								<visible>!IsEmpty(Window(Home).Property(ListItem.mpaa))</visible>
							</item>
							<item>
								<label>$LOCALIZE[15311]</label>
								<label2>$INFO[Window(Home).Property(ListItem.FilenameAndPath)]</label2>
								<onclick>noop</onclick>
								<visible>!IsEmpty(Window(Home).Property(ListItem.FilenameAndPath))</visible>
							</item>-->
						</content>
					</control>
				</control>
				
				<!--<control type="group">
					<visible>container.content(episodes) + !Control.HasFocus(12)</visible>
					<top>90</top>
					<left>210</left>
					<include>VisibleFadeEffect</include>
					<control type="image">
						<left>0</left>
						<top>0</top>
						<width>380</width>
						<height>250</height>
						<aspectratio aligny="bottom">keep</aspectratio>
						<bordertexture border="5">button-nofocus.png</bordertexture>
						<bordersize>4</bordersize>
						<texture background="true">$INFO[ListItem.Icon]</texture>
					</control>
					<control type="image">
						<left>0</left>
						<top>250</top>
						<width>380</width>
						<height>250</height>
						<aspectratio aligny="top">keep</aspectratio>
						<bordertexture border="5" flipy="true" diffuse="diffuse_mirror2.png">button-nofocus.png</bordertexture>
						<bordersize>4</bordersize>
						<texture background="true" flipy="true" diffuse="diffuse_mirror2.png">$INFO[ListItem.Icon]</texture>
					</control>
					<control type="list" id="49">
						<left>390</left>
						<top>20</top>
						<width>640</width>
						<height>330</height>
						<onleft>49</onleft>
						<onright>49</onright>
						<onup>9000</onup>
						<ondown>61</ondown>
						<pagecontrol>-</pagecontrol>
						<scrolltime>200</scrolltime>
						<itemlayout height="30">
							<control type="label">
								<left>5</left>
								<top>0</top>
								<width>160</width>
								<height>30</height>
								<font>font13</font>
								<align>right</align>
								<aligny>center</aligny>
								<textcolor>blue</textcolor>
								<selectedcolor>selected</selectedcolor>
								<info>ListItem.Label</info>
							</control>
							<control type="label">
								<left>175</left>
								<top>0</top>
								<width>465</width>
								<height>30</height>
								<font>font13</font>
								<align>left</align>
								<aligny>center</aligny>
								<textcolor>white</textcolor>
								<selectedcolor>white</selectedcolor>
								<info>ListItem.Label2</info>
							</control>
						</itemlayout>
						<focusedlayout height="30">
							<control type="image">
								<left>0</left>
								<top>0</top>
								<width>640</width>
								<height>30</height>
								<visible>Control.HasFocus(49)</visible>
								<texture>MenuItemFO.png</texture>
								<include>VisibleFadeEffect</include>
							</control>
							<control type="label">
								<left>5</left>
								<top>0</top>
								<width>160</width>
								<height>30</height>
								<font>font13</font>
								<align>right</align>
								<aligny>center</aligny>
								<textcolor>blue</textcolor>
								<selectedcolor>selected</selectedcolor>
								<info>ListItem.Label</info>
							</control>
							<control type="label">
								<left>175</left>
								<top>0</top>
								<width>465</width>
								<height>30</height>
								<font>font13</font>
								<align>left</align>
								<aligny>center</aligny>
								<textcolor>white</textcolor>
								<selectedcolor>white</selectedcolor>
								<info>ListItem.Label2</info>
							</control>
						</focusedlayout>
						<content>
							<item>
								<label>$LOCALIZE[20364]:</label>
								<label2>$INFO[ListItem.TVShowTitle]</label2>
								<onclick>noop</onclick>
								<visible>!IsEmpty(ListItem.TVShowTitle)</visible>
							</item>
							<item>
								<label>$LOCALIZE[20373]:</label>
								<label2>$INFO[ListItem.Season]</label2>
								<onclick>noop</onclick>
								<visible>!IsEmpty(ListItem.Season)</visible>
							</item>
							<item>
								<label>$LOCALIZE[20359]:</label>
								<label2>$INFO[ListItem.Episode]</label2>
								<onclick>noop</onclick>
								<visible>!IsEmpty(ListItem.Episode)</visible>
							</item>
							<item>
								<label>$LOCALIZE[31322]:</label>
								<label2>$INFO[ListItem.Premiered]</label2>
								<onclick>noop</onclick>
								<visible>!IsEmpty(ListItem.Premiered)</visible>
							</item>
							<item>
								<label>$LOCALIZE[515]:</label>
								<label2>$INFO[ListItem.Genre]</label2>
								<onclick>noop</onclick>
								<visible>!IsEmpty(ListItem.Genre)</visible>
							</item>
							<item>
								<label>$LOCALIZE[20339]:</label>
								<label2>$INFO[ListItem.Director]</label2>
								<onclick>SendClick(2003,13)</onclick>
								<visible>!IsEmpty(ListItem.Director)</visible>
							</item>
							<item>
								<label>$LOCALIZE[20417]:</label>
								<label2>$INFO[ListItem.Writer]</label2>
								<onclick>noop</onclick>
								<visible>!IsEmpty(ListItem.Writer)</visible>
							</item>
							<item>
								<label>$LOCALIZE[562]:</label>
								<label2>$INFO[ListItem.Year]</label2>
								<onclick>noop</onclick>
								<visible>!IsEmpty(ListItem.Year)</visible>
							</item>
							<item>
								<label>$LOCALIZE[2050]:</label>
								<label2>$INFO[ListItem.Duration] $LOCALIZE[12391]</label2>
								<onclick>noop</onclick>
								<visible>!IsEmpty(ListItem.Duration)</visible>
							</item>
							<item>
								<label>$LOCALIZE[563]:</label>
								<label2>$INFO[ListItem.RatingAndVotes]</label2>
								<onclick>noop</onclick>
								<visible>!IsEmpty(ListItem.RatingAndVotes)</visible>
							</item>
							<item>
								<label>$LOCALIZE[15311]</label>
								<label2>$INFO[ListItem.FilenameAndPath]</label2>
								<onclick>noop</onclick>
								<visible>!IsEmpty(ListItem.FilenameAndPath)</visible>
							</item>
						</content>
					</control>
				</control>-->
				<!--<control type="label">
					<right>130</right>
					<top>480</top>
					<width>400</width>
					<height>30</height>
					<font>font13_title</font>
					<textcolor>grey2</textcolor>
					<shadowcolor>black</shadowcolor>
					<scroll>true</scroll>
					<align>right</align>
					<aligny>center</aligny>
					<label>[COLOR=blue]$LOCALIZE[207][/COLOR]$INFO[Container(400).CurrentPage, ( $LOCALIZE[31024] ]$INFO[Container(400).NumPages,/, )]</label>
					<visible>Control.IsVisible(400)</visible>
				</control>
				<control type="label">
					<right>130</right>
					<top>480</top>
					<width>400</width>
					<height>30</height>
					<font>font13_title</font>
					<textcolor>grey2</textcolor>
					<shadowcolor>black</shadowcolor>
					<scroll>true</scroll>
					<align>right</align>
					<aligny>center</aligny>
					<label>[COLOR=blue]$LOCALIZE[206][/COLOR]$INFO[Container(401).CurrentPage, ( $LOCALIZE[31024] ]$INFO[Container(401).NumPages,/, )]</label>
					<visible>Control.IsVisible(50)</visible>
				</control>-->
				<!--<control type="spincontrol" id="61">
					<description>Next page button</description>
					<left>120r</left>
					<top>485</top>
					<subtype>page</subtype>
					<font>-</font>
					<onleft>61</onleft>
					<onright>61</onright>
					<ondown>9000</ondown>
					<onup>49</onup>
					<textcolor>-</textcolor>
					<showonepage>true</showonepage>
				</control>-->
				<control type="textbox" id="400">
					<description>Description Value for Movies</description>
                    <top>55</top>
					<left>40</left>
					<width>1080</width>
					<height>120</height>
					<font>font13</font>
					<align>justify</align>
					<textcolor>white</textcolor>
					<pagecontrol>61</pagecontrol>
					<label>$INFO[Window(Home).Property(ListItem.Plot)]</label>
					<autoscroll time="3000" delay="4000" repeat="5000">!Control.HasFocus(61)</autoscroll>
					<visible>!Control.IsVisible(50)</visible>
				</control>
                <control type="label">
					<description>rating</description>
                    <top>185</top>
					<left>40</left>
					<width>1080</width>
					<height>40</height>
					<font>font13_title</font>
					<align>left</align>
                    <aligny>center</aligny>
					<textcolor>white</textcolor>
					<label>$INFO[Window(Home).Property(ListItem.rating)]</label>
					<visible>!IsEmpty(Window(Home).Property(ListItem.rating))</visible>
				</control>
                <control type="list" id="50">
					<left>40</left>
					<top>55</top>
					<width>1080</width>
					<height>120</height>
					<onleft>9000</onleft>
					<onright>61</onright>
					<onup>61</onup>
					<ondown>9000</ondown>
                    <align>left</align>
                    <autoscroll time="3000" delay="4000" repeat="5000">true</autoscroll>
					<orientation>horizontal</orientation>
					<itemlayout height="40" width="140">
                        <control type="image">
                            <left>0</left>
							<top>0</top>
							<width>120</width>
							<height>120</height>
							<texture fallback="actor.png">$INFO[ListItem.icon]</texture>
                            <aspectratio align="center" aligny="center">scale</aspectratio>
						</control>
                        <control type="image">
                            <left>0</left>
							<top>100</top>
							<width>120</width>
							<height>20</height>
							<texture colordiffuse="4DFAFAFA">black-back.png</texture>
						</control>
						<control type="label">
							<description>Actor and Role</description>
							<left>5</left>
							<top>100</top>
							<width>110</width>
							<height>20</height>
							<font>font12</font>
							<align>center</align>
							<aligny>center</aligny>
							<selectedcolor>white</selectedcolor>
                            <onclick>noop</onclick>
							<label>$INFO[ListItem.Label]</label>
						</control>
					</itemlayout>
					<focusedlayout height="40" width="140">
                        <control type="image">
                            <left>0</left>
							<top>0</top>
							<width>120</width>
							<height>120</height>
							<texture fallback="actor.png">$INFO[ListItem.icon]</texture>
                            <aspectratio align="center" aligny="center">scale</aspectratio>
						</control>
                        <control type="image">
                            <left>0</left>
							<top>80</top>
							<width>120</width>
							<height>40</height>
							<texture colordiffuse="BFFAFAFA">black-back.png</texture>
						</control>
						<control type="label">
							<description>Actor and Role</description>
							<left>5</left>
							<top>80</top>
							<width>110</width>
							<height>20</height>
							<font>font12</font>
							<align>center</align>
							<aligny>center</aligny>
							<selectedcolor>white</selectedcolor>
                            <onclick>noop</onclick>
							<label>$INFO[ListItem.Label]</label>
						</control>
                        <control type="label">
							<description>Actor and Role</description>
							<left>5</left>
							<top>100</top>
							<width>110</width>
							<height>20</height>
							<font>font12</font>
							<align>center</align>
							<aligny>center</aligny>
							<selectedcolor>white</selectedcolor>
                            <onclick>noop</onclick>
							<label>$INFO[ListItem.Label2, $LOCALIZE[20347] ,]</label>
						</control>
					</focusedlayout>
				</control>
				<control type="grouplist" id="9000">
					<right>40</right>
					<top>185</top>
					<width>1080</width>
					<height>80</height>
					<itemgap>2</itemgap>
					<align>right</align>
					<orientation>horizontal</orientation>
					<onleft>9000</onleft>
					<onright>9000</onright>
					<onup>50</onup>
					<ondown>49</ondown>
					<!--<control type="togglebutton" id="8">
						<description>Play/browse to Show</description>
						<include>ButtonInfoDialogsCommonValues</include>
						<label>208</label>
						<alttexturefocus border="2">button-focus.png</alttexturefocus>
						<alttexturenofocus border="2">button-nofocus.png</alttexturenofocus>
						<altlabel>1024</altlabel>
						<usealttexture>Container.Content(TVShows)</usealttexture>
					</control>-->
                    <!--<control type="button" id="35">
						<description>More</description>
                        <textoffsetx>5</textoffsetx>
                        <align>center</align>
                        <aligny>center</aligny>
                        <font>font12_title</font>
                        <height>40</height>
                        <width>200</width>
						<label>More</label>
                        <onclick>Control.Move(50,4)</onclick>
                        <texturenofocus colordiffuse="4DFAFAFA">black-back.png</texturenofocus>
                        <texturefocus colordiffuse="BFFAFAFA">black-back.png</texturefocus>
						<visible>Control.IsVisible(50)</visible>
					</control>-->
					<control type="button" id="5">
						<description>Cast/Review</description>
                        <textoffsetx>5</textoffsetx>
                        <align>center</align>
                        <aligny>center</aligny>
                        <font>font12_title</font>
                        <height>40</height>
                        <width>200</width>
						<label>206</label>
                        <texturenofocus colordiffuse="4DFAFAFA">black-back.png</texturenofocus>
                        <texturefocus colordiffuse="BFFAFAFA">black-back.png</texturefocus>
						<visible>!Control.IsVisible(50)</visible>
					</control>
					<control type="button" id="20">
						<description>Cast/Review</description>
                        <textoffsetx>5</textoffsetx>
                        <align>center</align>
                        <aligny>center</aligny>
                        <font>font12_title</font>                       
                        <height>40</height>
                        <width>200</width>
						<label>207</label>
                       <texturenofocus colordiffuse="4DFAFAFA">black-back.png</texturenofocus>
                        <texturefocus colordiffuse="BFFAFAFA">black-back.png</texturefocus>
						<visible>Control.IsVisible(50)</visible>
					</control>
					<control type="button" id="11">
						<description>Play Trailer</description>
                        <textoffsetx>5</textoffsetx>
                        <align>center</align>
                        <aligny>center</aligny>
                        <font>font12_title</font>
                        <height>40</height>
                        <width>200</width>
						<label>20410</label>
                        <texturenofocus colordiffuse="4DFAFAFA">black-back.png</texturenofocus>
                        <texturefocus colordiffuse="BFFAFAFA">black-back.png</texturefocus>
						<onclick>PlayMedia($INFO[Window(Home).Property(ListItem.Trailer)])</onclick>
						<visible>!IsEmpty(Window(Home).Property(ListItem.Trailer)) + !Skin.HasSetting(WindowedTrailer)</visible>
					</control>
                    <control type="button" id="30">
						<description>Close</description>
                        <textoffsetx>5</textoffsetx>
                        <align>center</align>
                        <aligny>center</aligny>
                        <font>font12_title</font>
                        <height>40</height>
                        <width>200</width>
						<label>15067</label>
                        <texturenofocus colordiffuse="4DFAFAFA">black-back.png</texturenofocus>
                        <texturefocus colordiffuse="BFFAFAFA">black-back.png</texturefocus>
						<onclick>Action(Close)</onclick>
					</control>
					<!--<control type="button" id="15">
						<description>Play Trailer Windowed</description>
						<include>ButtonInfoDialogsCommonValues</include>
                        <height>40</height>
                        <width>240</width>
						<label>20410</label>
						<onclick>PlayMedia($INFO[Window(Home).Property(ListItem.Trailer)],1)</onclick>
						<visible>!IsEmpty(Window(Home).Property(ListItem.Trailer)) + Skin.HasSetting(WindowedTrailer)</visible>
					</control>
					<control type="button" id="100">
						<description>Fetch TvTunes stuff</description>
						<include>ButtonInfoDialogsCommonValues</include>
                        <height>40</height>
                        <width>240</width>
						<label>31127</label>
						<onclick>RunScript(script.tvtunes,mode=solo)</onclick>
						<visible>Skin.HasSetting(ActivateTvTunes) + System.HasAddon(script.tvtunes) + [Container.Content(TVShows) | Container.Content(movies) | Container.Content(musicvideos)] + IsEmpty(Window(movieinformation).Property("TvTunes_HideVideoInfoButton"))</visible>
					</control>-->
				</control>
			</control>
		</control>
	</controls>
</window>
