<?xml version="1.0" encoding="UTF-8" standalone="yes"?>
<addon id="plugin.video.vstream" name="vStream" version="0.8.1" provider-name="Venom, TmpName, Arias800, Razorex, Kodigoal, Sizanic, Yodidon">
    <requires>

        <trycatch>
            <try>
                <import addon="xbmc.python" version="3.0.0"/>
            </try>

            <catch>
                <import addon="xbmc.python" version="2.24.0"/>
            </catch>
        </trycatch>

        <import addon="script.module.urlresolver"  version="5.1.1" optional="true"/>
        <import addon="script.video.F4mProxy" optional="true"/>
        <import addon="script.module.simplejson" version="3.3.0"/>
        <import addon="script.module.requests" version="2.9.1"/>
        <import addon="script.module.dnspython" optional="true"/>
        <import addon="repository.vstream" version="0.0.3"/>
        <import addon="script.module.selenium" optional="true"/>
        <!-- Pour le DEBUG        <import addon="script.module.pydevd" version="4.4.0"/> -->
    </requires>

    <extension point="xbmc.python.pluginsource" library="default.py">
        <provides>video</provides>
    </extension>
    <extension point="xbmc.service" library="service.py"/>
    <extension point="xbmc.addon.metadata">
        <summary lang="fr_FR">vStream par Venom, TmpName, Arias800, Razorex, Sizanic, Yodidon.</summary>
        <description lang="fr_FR">vStream est un module de streaming Français, trouvez tous vos films, séries et mangas.</description>
        <disclaimer lang="fr_FR">vStream est un addon de streaming videos</disclaimer>
        <summary lang="fr_CA">vStream par Venom, TmpName, Arias800, Razorex, Sizanic, Yodidon.</summary>
        <description lang="fr_CA">vStream est un module de streaming Français, trouvez tous vos films, séries et mangas.</description>
        <disclaimer lang="fr_CA">vStream est un addon de streaming videos</disclaimer>
        <summary lang="en_GB">vStream by Venom, TmpName, Arias800, Razorex, Sizanic, Yodidon.</summary>
        <description lang="en_GB">vStream module and a French streaming, find all your movies, TV shows and mangas.</description>
        <disclaimer lang="en_GB">vStream is a video streaming addon</disclaimer>
        <summary lang="en_NZ">vStream by Venom, TmpName, Arias800, Razorex, Sizanic, Yodidon.</summary>
        <description lang="en_NZ">vStream module and a French streaming, find all your movies, TV shows and mangas.</description>
        <disclaimer lang="en_NZ">vStream is a video streaming addon</disclaimer>
        <summary lang="en_US">vStream by Venom, TmpName, Arias800, Razorex, Sizanic, Yodidon.</summary>
        <description lang="en_US">vStream module and a French streaming, find all your movies, TV shows and mangas.</description>
        <disclaimer lang="en_US">vStream is a video streaming addon</disclaimer>
        <platform>all</platform>
        <license>GNU GENERAL PUBLIC LICENSE</license>
        <forum>https://github.com/Kodi-vStream/venom-xbmc-addons/issues</forum>
		<source>https://github.com/Kodi-vStream/venom-xbmc-addons/</source>
        <assets>
			<icon>icon.png</icon>
			<fanart>fanart.jpg</fanart>
			<screenshot>screenshot-01.jpg</screenshot>
			<screenshot>screenshot-02.jpg</screenshot>
			<screenshot>screenshot-03.jpg</screenshot>
		</assets>
    </extension>
</addon>
