<?xml version="1.0" encoding="UTF-8" standalone="yes"?>
<addon id="script.skinrandom" name="Skin Random" version="0.0.1" provider-name="Venom">
    <requires>
        <import addon="xbmc.python" version="2.25.0" />
    </requires>
    <extension point="xbmc.python.script" library="default.py">
        <provides>executable</provides>
    </extension>
    <extension point="xbmc.service" library="service.py" start="service" />
    <extension point="xbmc.addon.metadata">
        <summary lang="en">Random Skin Color</summary>
        <summary lang="fr">Couleur de Skin aléatoire</summary>
        <description lang="en">This script Creates a color theme according to your requirements.</description>
        <description lang="fr">Ce script Crée un theme couleur selon vos conditions.</description>
        <language></language>
        <platform>all</platform>
        <license>GNU GENERAL PUBLIC LICENSE Version 2</license>
        <forum>http://forum.kodi.tv/showthread.php?tid=109304</forum>
        <website></website>
        <email></email>
        <source>https://github.com/ronie/script.artworkorganizer</source>
    </extension>
</addon>
