{
    "sites": {
        "_1seriestreaming": {
            "label": "1 SerieStreaming",
            "active": "True",
            "url": "https://1seriestreaming.net/"
        },
        "_33seriestreaming": {
            "label": "33 S\u00e9ries",
            "active": "True",
            "url": "https://ww1.33seriestreaming.lol/"
        },
        "adkami_com": {
            "label": "Adkami",
            "active": "True",
            "url": "https://www.adkami.com/"
        },
        "alldebrid": {
            "label": "AllDebrid",
            "active": "True"
        },
        "animeultime": {
            "label": "Anime Ultime",
            "active": "True",
            "url": "http://www.anime-ultime.net/"
        },
        "bd_streams": {
            "label": "BD STREAMS",
            "active": "True",
            "url": "https://www.bd-streams.tk/"
        },
        "buzzmonclick_com": {
            "label": "BuzzMonClick",
            "active": "True",
            "url": "https://buzzmonclick.net/category/replay-tv/"
        },
        "channelstream": {
            "label": "ChannelStream",
            "active": "True",
            "url": "https://channelstream.es"
        },
        "cinemay_cc": {
            "label": "Cinemay_cc",
            "active": "True",
            "cloudflare": "True",
            "url": "https://cinemay.cc/"
        },
        "cinemay_com": {
            "label": "Cinemay",
            "active": "True",
            "url": "https://cinemay.li/"
        },
        "daddyhd": {
            "label": "DaddyHD",
            "active": "True",
            "url": "https://dlhd.sx/"
        },
        "debrid_link": {
            "label": "Debrid Link",
            "active": "True",
            "url": "https://debrid-link.fr"
        },
        "docu_fr": {
            "label": "Docu Fr",
            "active": "True",
            "url": "https://documentaire.io/"
        },
        "enstream": {
            "label": "EnStream",
            "active": "True",
            "url": "https://wvw.enstream.cam/"
        },
        "extreme_down": {
            "label": "ExtremeDown",
            "active": "False",
            "cloudflare": "True",
            "url": "https://www.extreme-down.al/"
        },
        "filmoflix": {
            "label": "Filmoflix",
            "active": "True",
            "cloudflare": "True",
            "url": "https://www.filmoflix.club/"
        },
        "filmsetvideos": {
            "label": "filmsetvideos",
            "active": "True",
            "url": "https://filmsetvideos.com/"
        },
        "filmspourenfants": {
            "label": "Films pour Enfants",
            "active": "True",
            "url": "https://films-pour-enfants.com/"
        },
        "free_telechargement_org": {
            "label": "Free Telechargement",
            "active": "True",
            "url": "https://www.free-telecharger.wtf/"
        },
        "freebox": {
            "label": "Freebox",
            "active": "True",
            "url": "http://mafreebox.freebox.fr/freeboxtv/playlist.m3u"
        },
        "french_stream_com": {
            "label": "French Stream",
            "active": "True",
            "url": "https://www.french-streaming.in/"
        },
        "french_stream_lol": {
            "label": "French-stream-lol",
            "active": "True",
            "url": "https://w2.french-stream.is/"
        },
        "frenchanimes": {
            "label": "French Animes",
            "active": "True",
            "url": "https://french-anime.com/"
        },
        "fullmatchtv": {
            "label": "Full Match TV",
            "active": "True",
            "url": "https://fullmatchtv.com/"
        },
        "gum_gum_streaming_com": {
            "label": "Gum-Gum-Streaming",
            "active": "True",
            "url": "https://gum-gum-streaming.com/"
        },
        "hds_fm": {
            "label": "Hds-fm",
            "active": "True",
            "url": "https://www1.hds.fm/"
        },
        "ianime": {
            "label": "Ianime",
            "active": "True",
            "url": "https://www.ianimes.org/"
        },
        "illimitestreaming": {
            "label": "Illimitestreaming",
            "active": "False",
            "url": "https://www.illimitestreaming.top/"
        },
        "k_streaming": {
            "label": "K_Streaming",
            "active": "False",
            "cloudflare": "True",
            "url": "https://streaming-films.net/"
        },
        "kepliz_com": {
            "label": "Kepliz",
            "active": "True",
            "url": "https://zadriv.com/"
        },
        "les_docus": {
            "label": "Les docus",
            "active": "True",
            "url": "https://www.les-docus.com/"
        },
        "livetv": {
            "label": "Live TV",
            "active": "True",
            "url": "http://62.182.83.65/"
        },
        "lsdb": {
            "label": "Liveset Database",
            "active": "False",
            "url": "https://lsdb.eu"
        },
        "mesfilms": {
            "label": "Mes Films",
            "active": "True",
            "cloudflare": "True",
            "url": "https://mesfilms.sbs/"
        },
        "mysteriam": {
            "label": "MySteriam",
            "active": "True",
            "url": "https://www.inmysteriam.fr/"
        },
        "neko_sama": {
            "label": "Neko Sama",
            "active": "True",
            "url": "https://neko-sama.fr/"
        },
        "neuf_docu": {
            "label": "9Docu",
            "active": "True",
            "url": "https://9docu.org/"
        },
        "neymartv": {
            "label": "NeymarTV",
            "active": "True",
            "url": "https://www.neymartv.net/"
        },
        "novaflix": {
            "label": "Novaflix",
            "active": "True",
            "url": "https://wvw.novaflix.io/"
        },
        "o1streaming": {
            "label": "O1 streaming",
            "active": "True",
            "url": "https://01streaming.stream/"
        },
        "otaku_attitude": {
            "label": "Otaku-Attitude",
            "active": "True",
            "url": "https://www.otaku-attitude.net/"
        },
        "otakufr_com": {
            "label": "OtakuFR",
            "active": "True",
            "url": "https://otakufr.co/"
        },
        "pastebin": {
            "label": "PasteBin",
            "active": "True",
            "url": "https://pastebin.com/raw/"
        },
        "planet_streaming": {
            "label": "Planet Streaming",
            "active": "True",
            "url": "https://v2.planet-streaming2.com/"
        },
        "pluto_tv": {
            "label": "Pluto TV",
            "active": "True",
            "url": "https://api.pluto.tv"
        },
        "radio": {
            "label": "Radio",
            "active": "True",
            "url": ""
        },
        "series_en_streaming": {
            "label": "Series en Streaming",
            "active": "True",
            "cloudflare": "True",
            "url": "https://ww1.series-en-streaming.xyz/"
        },
        "siteonefichier": {
            "label": "Mon Compte 1Fichier",
            "active": "True",
            "url": "https://1fichier.com/"
        },
        "siteuptobox": {
            "label": "Mon Compte Uptobox",
            "active": "True",
            "url": "https://uptobox.link/"
        },
        "skyanimes": {
            "label": "Sky-Animes",
            "active": "True",
            "url": "http://www.sky-animes.com/"
        },
        "streaming_series": {
            "label": "Streaming-Series",
            "active": "True",
            "cloudflare": "True",
            "url": "https://streaming-series.la/"
        },
        "streamingdivx": {
            "label": "StreamingDivx",
            "active": "True",
            "url": "https://www.streamingdivx.tel/"
        },
        "streaminz": {
            "label": "Streaminz",
            "active": "True",
            "url": "https://streaminze.org/"
        },
        "streamonsport": {
            "label": "Streamonsport",
            "active": "True",
            "url": "https://www.streamonsport.ru/"
        },
        "telecharger_streaming": {
            "label": "T\u00e9l\u00e9charger-streaming",
            "active": "True",
            "url": "https://telecharger-streaming.org/"
        },
        "themoviedb_org": {
            "label": "The Movie Database",
            "active": "True",
            "url": "https://www.themoviedb.org/"
        },
        "toonanime": {
            "label": "Toonanime",
            "active": "True",
            "url": "https://v2.toonanime.tv/"
        },
        "topimdb": {
            "label": "Top IMDB",
            "active": "True",
            "url": "https://www.imdb.com/"
        },
        "uptobox_live": {
            "label": "Uptobox Live",
            "active": "False",
            "url": "https://api.uptobox.mov/"
        },
        "vfilms": {
            "label": "VFilms",
            "active": "True",
            "url": "https://wwvv.vfilms.live/"
        },
        "viki_com": {
            "label": "Viki",
            "active": "True",
            "url": "https://www.viki.com/"
        },
        "voiranime": {
            "label": "voiranime",
            "active": "True",
            "url": "https://v5.voiranime.com/"
        },
        "voirseries_best": {
            "label": "VoirSeries",
            "active": "False",
            "url": "https://voirseries.io/"
        },
        "vostfree": {
            "label": "Vostfree",
            "active": "True",
            "url": "https://vostfree.ws/"
        },
        "wawacity": {
            "label": "Wawacity",
            "active": "True",
            "url": "https://www.wawacity.rocks/"
        },
        "wiflix": {
            "label": "WiFlix",
            "active": "True",
            "cloudflare": "True",
            "url": "https://www.wiflix.voto/"
        },
        "youtitou_com": {
            "label": "YouTitou (Anim\u00e9s)",
            "active": "True",
            "url": "https://youtitou.com/"
        },
        "zone_streaming": {
            "label": "Zone Streaming",
            "active": "True",
            "url": "https://www.zone-streaming.fr/"
        }
    }
}
